{
  "allocations": [
    {
      "ticker": "GC=F",
      "asset_class": "gold",
      "weight": 0.25,
      "dollar_amount": 5000.0,
      "shares": 48,
      "entry_price": 102.58535328028795,
      "expected_return": 0.02,
      "risk_contribution": 0.0375,
      "implementation_priority": 1,
      "execution_instructions": "Market order acceptable"
    },
    {
      "ticker": "GLD",
      "asset_class": "gold",
      "weight": 0.25,
      "dollar_amount": 5000.0,
      "shares": 50,
      "entry_price": 99.53001977442769,
      "expected_return": 0.03,
      "risk_contribution": 0.0375,
      "implementation_priority": 2,
      "execution_instructions": "Market order acceptable"
    },
    {
      "ticker": "IAU",
      "asset_class": "gold",
      "weight": 0.25,
      "dollar_amount": 5000.0,
      "shares": 50,
      "entry_price": 99.65397200614065,
      "expected_return": 0.03,
      "risk_contribution": 0.0375,
      "implementation_priority": 3,
      "execution_instructions": "Market order acceptable"
    },
    {
      "ticker": "GDX",
      "asset_class": "gold",
      "weight": 0.25,
      "dollar_amount": 5000.0,
      "shares": 50,
      "entry_price": 99.15065919602523,
      "expected_return": 0.07,
      "risk_contribution": 0.0375,
      "implementation_priority": 4,
      "execution_instructions": "Market order acceptable"
    }
  ],
  "risk_metrics": {
    "portfolio_volatility": 0.14626574186067198,
    "sharpe_ratio": -0.05127653204770436,
    "sortino_ratio": -0.07325218863957766,
    "max_drawdown": 0.36566435465167996,
    "var_95": 0.20308573599827417,
    "cvar_95": 0.26420421903558305,
    "beta": 0.6399126206404399,
    "alpha": -0.04269519413522419,
    "information_ratio": -0.8539038827044838,
    "calmar_ratio": 0.10255306409540872,
    "correlation_risk": 0.9344395402697915,
    "concentration_risk": 0.25
  },
  "expected_performance": {
    "1_year": {
      "expected_value": 1.0375,
      "best_case": 1.330031483721344,
      "worst_case": 0.7449685162786561,
      "probability_positive": 0.6011723121800097
    },
    "5_year": {
      "expected_value": 1.2020998056030279,
      "best_case": 2.3244961796685515,
      "worst_case": 0.5622887053350568,
      "probability_double": 0.9388978644181493
    },
    "10_year": {
      "expected_value": 1.4450439426308375,
      "best_case": 3.7035163877509913,
      "worst_case": 0.6957031794722619,
      "probability_triple": 0.941243016907535
    }
  },
  "rebalancing_schedule": {
    "frequency": "quarterly",
    "threshold": 0.05,
    "method": "threshold_based",
    "tax_aware": false,
    "next_rebalance": "2025-11-05",
    "estimated_cost": 20.0
  },
  "tax_optimization": {
    "tax_loss_harvesting": false,
    "asset_location": {},
    "holding_period": {},
    "estimated_tax_savings": 0
  },
  "implementation_plan": [
    "1\ufe0f\u20e3 Open account: Start with a taxable brokerage account",
    "2\ufe0f\u20e3 Timing: Market conditions favorable for immediate implementation",
    "3\ufe0f\u20e3 Execution Order:",
    "   \u2022 Alternatives last: GC=F, GLD",
    "4\ufe0f\u20e3 Trading Instructions:",
    "   \u2022 Use limit orders for positions > $5,000",
    "   \u2022 Market orders acceptable for liquid ETFs",
    "   \u2022 Avoid trading in first/last 30 minutes",
    "5\ufe0f\u20e3 Post-Implementation:",
    "   \u2022 Set up automatic rebalancing alerts",
    "   \u2022 Enable dividend reinvestment",
    "   \u2022 Schedule quarterly review"
  ],
  "monitoring_alerts": [
    {
      "type": "drawdown",
      "threshold": 0.18283217732583998,
      "message": "Alert when portfolio drops 18.3%",
      "severity": "high"
    },
    {
      "type": "position_deviation",
      "ticker": "GC=F",
      "threshold": 0.05,
      "message": "Alert when GC=F deviates 5% from target",
      "severity": "medium"
    },
    {
      "type": "position_deviation",
      "ticker": "GLD",
      "threshold": 0.05,
      "message": "Alert when GLD deviates 5% from target",
      "severity": "medium"
    },
    {
      "type": "position_deviation",
      "ticker": "IAU",
      "threshold": 0.05,
      "message": "Alert when IAU deviates 5% from target",
      "severity": "medium"
    },
    {
      "type": "position_deviation",
      "ticker": "GDX",
      "threshold": 0.05,
      "message": "Alert when GDX deviates 5% from target",
      "severity": "medium"
    },
    {
      "type": "volatility_spike",
      "threshold": 0.21939861279100797,
      "message": "Alert when volatility increases 50%",
      "severity": "high"
    },
    {
      "type": "correlation_change",
      "threshold": 0.2,
      "message": "Alert when correlations increase significantly",
      "severity": "medium"
    }
  ],
  "ai_insights": "\u26a0\ufe0f Portfolio is concentrated - consider diversifying to reduce risk | \u2696\ufe0f Balanced allocation: 0% stocks, 0% bonds"
}