{
  "allocations": [
    {
      "ticker": "GDX",
      "asset_class": "gold",
      "weight": 0.5999999999999986,
      "dollar_amount": 11999.999999999973,
      "shares": 121,
      "entry_price": 98.48886478996242,
      "expected_return": 0.07,
      "risk_contribution": 0.08999999999999979,
      "implementation_priority": 1,
      "execution_instructions": "Market order acceptable"
    },
    {
      "ticker": "IAU",
      "asset_class": "gold",
      "weight": 0.19500000116411675,
      "dollar_amount": 3900.000023282335,
      "shares": 40,
      "entry_price": 96.16131986153262,
      "expected_return": 0.03,
      "risk_contribution": 0.029250000174617513,
      "implementation_priority": 2,
      "execution_instructions": "Market order acceptable"
    },
    {
      "ticker": "GLD",
      "asset_class": "gold",
      "weight": 0.19499999883588426,
      "dollar_amount": 3899.999976717685,
      "shares": 38,
      "entry_price": 102.00959788195159,
      "expected_return": 0.03,
      "risk_contribution": 0.029249999825382636,
      "implementation_priority": 3,
      "execution_instructions": "Market order acceptable"
    },
    {
      "ticker": "GC=F",
      "asset_class": "gold",
      "weight": 0.0100000000000004,
      "dollar_amount": 200.000000000008,
      "shares": 1,
      "entry_price": 101.25113510818524,
      "expected_return": 0.02,
      "risk_contribution": 0.0015000000000000599,
      "implementation_priority": 4,
      "execution_instructions": "Market order acceptable"
    }
  ],
  "risk_metrics": {
    "portfolio_volatility": 0.14680787330648037,
    "sharpe_ratio": 0.06062345158709609,
    "sortino_ratio": 0.0866049308387087,
    "max_drawdown": 0.36701968326620094,
    "var_95": 0.1875774628731966,
    "cvar_95": 0.2489224805122046,
    "beta": 0.6422844457158516,
    "alpha": -0.026425644514371904,
    "information_ratio": -0.5285128902874381,
    "calmar_ratio": 0.1468586085637975,
    "correlation_risk": 0.925241961599248,
    "concentration_risk": 0.43614999999999876
  },
  "expected_performance": {
    "1_year": {
      "expected_value": 1.0539,
      "best_case": 1.3475157466129608,
      "worst_case": 0.7602842533870393,
      "probability_positive": 0.643245136211787
    },
    "5_year": {
      "expected_value": 1.3001606643449342,
      "best_case": 2.4956678942930393,
      "worst_case": 0.6141252967888927,
      "probability_double": 0.9014898076026823
    },
    "10_year": {
      "expected_value": 1.6904177531098605,
      "best_case": 4.286253598186086,
      "worst_case": 0.8212181576330495,
      "probability_triple": 0.8861401692862096
    }
  },
  "rebalancing_schedule": {
    "frequency": "quarterly",
    "threshold": 0.05,
    "method": "threshold_based",
    "tax_aware": false,
    "next_rebalance": "2025-11-05",
    "estimated_cost": 20.0
  },
  "tax_optimization": {
    "tax_loss_harvesting": false,
    "asset_location": {},
    "holding_period": {},
    "estimated_tax_savings": 0
  },
  "implementation_plan": [
    "1\ufe0f\u20e3 Open account: Start with a taxable brokerage account",
    "2\ufe0f\u20e3 Timing: Market conditions favorable for immediate implementation",
    "3\ufe0f\u20e3 Execution Order:",
    "   \u2022 Alternatives last: GDX, IAU",
    "4\ufe0f\u20e3 Trading Instructions:",
    "   \u2022 Use limit orders for positions > $5,000",
    "   \u2022 Market orders acceptable for liquid ETFs",
    "   \u2022 Avoid trading in first/last 30 minutes",
    "5\ufe0f\u20e3 Post-Implementation:",
    "   \u2022 Set up automatic rebalancing alerts",
    "   \u2022 Enable dividend reinvestment",
    "   \u2022 Schedule quarterly review"
  ],
  "monitoring_alerts": [
    {
      "type": "drawdown",
      "threshold": 0.18350984163310047,
      "message": "Alert when portfolio drops 18.4%",
      "severity": "high"
    },
    {
      "type": "position_deviation",
      "ticker": "GDX",
      "threshold": 0.05,
      "message": "Alert when GDX deviates 5% from target",
      "severity": "medium"
    },
    {
      "type": "position_deviation",
      "ticker": "IAU",
      "threshold": 0.05,
      "message": "Alert when IAU deviates 5% from target",
      "severity": "medium"
    },
    {
      "type": "position_deviation",
      "ticker": "GLD",
      "threshold": 0.05,
      "message": "Alert when GLD deviates 5% from target",
      "severity": "medium"
    },
    {
      "type": "position_deviation",
      "ticker": "GC=F",
      "threshold": 0.05,
      "message": "Alert when GC=F deviates 5% from target",
      "severity": "medium"
    },
    {
      "type": "volatility_spike",
      "threshold": 0.22021180995972056,
      "message": "Alert when volatility increases 50%",
      "severity": "high"
    },
    {
      "type": "correlation_change",
      "threshold": 0.2,
      "message": "Alert when correlations increase significantly",
      "severity": "medium"
    }
  ],
  "ai_insights": "\u26a0\ufe0f Portfolio is concentrated - consider diversifying to reduce risk | \u2696\ufe0f Balanced allocation: 0% stocks, 0% bonds"
}